SimulationSecond,ReceiveRate,PacketsReceived,NumberOfSinks,RoutingProtocol,TransmissionPower,WavePktsSent,WavePtksReceived,WavePktsPpr,ExpectedWavePktsReceived,ExpectedWavePktsInCoverageReceived,BSM_PDR1,BSM_PDR2,BSM_PDR3,BSM_PDR4,BSM_PDR5,BSM_PDR6,BSM_PDR7,BSM_PDR8,BSM_PDR9,BSM_PDR10,MacPhyOverhead
+0s,0,0,10,protocol,10,0,0,0,0,0,0,0,0,0,0,0,0,0,0,0,0
+1s,0,0,10,protocol,10,0,0,0,0,0,0,0,0,0,0,0,0,0,0,0,1
+2s,2.048,4,10,protocol,10,400,1841,4.6025,286,286,1,0.991803,0.938305,0.613462,0.43667,0.338419,0.293246,0.293246,0.293246,0.293246,0.319812
+3s,8.192,16,10,protocol,10,400,1856,4.64,358,356,0.994413,0.986083,0.934805,0.608525,0.422779,0.340675,0.292054,0.292054,0.292054,0.292054,0.370225
+4s,11.264,22,10,protocol,10,400,1908,4.77,334,333,0.997006,0.985772,0.932773,0.635153,0.427037,0.344902,0.298311,0.298311,0.298311,0.298311,0.40914
