SimulationSecond,ReceiveRate,PacketsReceived,NumberOfSinks,RoutingProtocol,TransmissionPower,WavePktsSent,WavePtksReceived,WavePktsPpr,ExpectedWavePktsReceived,ExpectedWavePktsInCoverageReceived,BSM_PDR1,BSM_PDR2,BSM_PDR3,BSM_PDR4,BSM_PDR5,BSM_PDR6,BSM_PDR7,BSM_PDR8,BSM_PDR9,BSM_PDR10,MacPhyOverhead
+0s,0,0,10,protocol,1,0,0,0,0,0,0,0,0,0,0,0,0,0,0,0,0
+1s,0,0,10,protocol,1,0,0,0,0,0,0,0,0,0,0,0,0,0,0,0,1
+2s,0,0,10,protocol,1,400,321,0.8025,286,282,0.986014,0.328893,0.17221,0.106964,0.0761385,0.0590074,0.0511309,0.0511309,0.0511309,0.0511309,0.29249
+3s,0,0,10,protocol,1,400,396,0.99,358,358,1,0.393638,0.208202,0.129836,0.090205,0.0726872,0.0623131,0.0623131,0.0623131,0.0623131,0.279277
+4s,0,0,10,protocol,1,400,413,1.0325,334,334,1,0.419715,0.216912,0.137483,0.0924351,0.0746565,0.0645716,0.0645716,0.0645716,0.0645716,0.269732
