SimulationSecond,ReceiveRate,PacketsReceived,NumberOfSinks,RoutingProtocol,TransmissionPower,WavePktsSent,WavePtksReceived,WavePktsPpr,ExpectedWavePktsReceived,ExpectedWavePktsInCoverageReceived,BSM_PDR1,BSM_PDR2,BSM_PDR3,BSM_PDR4,BSM_PDR5,BSM_PDR6,BSM_PDR7,BSM_PDR8,BSM_PDR9,BSM_PDR10,MacPhyOverhead
+0s,0,0,10,protocol,2,0,0,0,0,0,0,0,0,0,0,0,0,0,0,0,0
+1s,0,0,10,protocol,2,0,0,0,0,0,0,0,0,0,0,0,0,0,0,0,1
+2s,0,0,10,protocol,2,400,435,1.0875,286,283,0.98951,0.445697,0.233369,0.144952,0.103178,0.0799632,0.0692896,0.0692896,0.0692896,0.0692896,0.292342
+3s,0,0,10,protocol,2,400,473,1.1825,358,358,1,0.470179,0.248686,0.155082,0.107745,0.0868209,0.0744296,0.0744296,0.0744296,0.0744296,0.278285
+4s,0,0,10,protocol,2,400,476,1.19,334,333,0.997006,0.48374,0.25,0.158455,0.106535,0.0860448,0.0744215,0.0744215,0.0744215,0.0744215,0.27109
