SimulationSecond,ReceiveRate,PacketsReceived,NumberOfSinks,RoutingProtocol,TransmissionPower,WavePktsSent,WavePtksReceived,WavePktsPpr,ExpectedWavePktsReceived,ExpectedWavePktsInCoverageReceived,BSM_PDR1,BSM_PDR2,BSM_PDR3,BSM_PDR4,BSM_PDR5,BSM_PDR6,BSM_PDR7,BSM_PDR8,BSM_PDR9,BSM_PDR10,MacPhyOverhead
+0s,0,0,10,protocol,3,0,0,0,0,0,0,0,0,0,0,0,0,0,0,0,0
+1s,0,0,10,protocol,3,0,0,0,0,0,0,0,0,0,0,0,0,0,0,0,1
+2s,1.024,2,10,protocol,3,400,534,1.335,286,285,0.996503,0.547131,0.286481,0.177941,0.12666,0.0981618,0.0850589,0.0850589,0.0850589,0.0850589,0.296728
+3s,2.048,4,10,protocol,3,400,539,1.3475,358,357,0.997207,0.535785,0.283386,0.176721,0.122779,0.0989354,0.0848151,0.0848151,0.0848151,0.0848151,0.282432
+4s,1.024,2,10,protocol,3,400,566,1.415,334,332,0.994012,0.575203,0.297269,0.188415,0.126679,0.102314,0.0884928,0.0884928,0.0884928,0.0884928,0.277445
