SimulationSecond,ReceiveRate,PacketsReceived,NumberOfSinks,RoutingProtocol,TransmissionPower,WavePktsSent,WavePtksReceived,WavePktsPpr,ExpectedWavePktsReceived,ExpectedWavePktsInCoverageReceived,BSM_PDR1,BSM_PDR2,BSM_PDR3,BSM_PDR4,BSM_PDR5,BSM_PDR6,BSM_PDR7,BSM_PDR8,BSM_PDR9,BSM_PDR10,MacPhyOverhead
+0s,0,0,10,protocol,4,0,0,0,0,0,0,0,0,0,0,0,0,0,0,0,0
+1s,0,0,10,protocol,4,0,0,0,0,0,0,0,0,0,0,0,0,0,0,0,1
+2s,1.024,2,10,protocol,4,400,666,1.665,286,286,1,0.682377,0.357296,0.221926,0.15797,0.122426,0.106085,0.106085,0.106085,0.106085,0.296728
+3s,2.048,4,10,protocol,4,400,664,1.66,358,358,1,0.66004,0.349106,0.217705,0.151253,0.12188,0.104485,0.104485,0.104485,0.104485,0.283551
+4s,2.048,4,10,protocol,4,400,726,1.815,334,335,1,0.737805,0.381303,0.241678,0.162489,0.131236,0.113508,0.113508,0.113508,0.113508,0.278005
