SimulationSecond,ReceiveRate,PacketsReceived,NumberOfSinks,RoutingProtocol,TransmissionPower,WavePktsSent,WavePtksReceived,WavePktsPpr,ExpectedWavePktsReceived,ExpectedWavePktsInCoverageReceived,BSM_PDR1,BSM_PDR2,BSM_PDR3,BSM_PDR4,BSM_PDR5,BSM_PDR6,BSM_PDR7,BSM_PDR8,BSM_PDR9,BSM_PDR10,MacPhyOverhead
+0s,0,0,10,protocol,5,0,0,0,0,0,0,0,0,0,0,0,0,0,0,0,0
+1s,0,0,10,protocol,5,0,0,0,0,0,0,0,0,0,0,0,0,0,0,0,1
+2s,1.024,2,10,protocol,5,400,812,2.03,286,286,1,0.831967,0.435622,0.270576,0.1926,0.149265,0.129341,0.129341,0.129341,0.129341,0.299512
+3s,2.048,4,10,protocol,5,400,820,2.05,358,358,1,0.815109,0.431125,0.268852,0.186788,0.150514,0.129032,0.129032,0.129032,0.129032,0.291623
+4s,2.048,4,10,protocol,5,400,818,2.045,334,328,0.982036,0.831301,0.429622,0.272304,0.18308,0.147867,0.127892,0.127892,0.127892,0.127892,0.28444
