SimulationSecond,ReceiveRate,PacketsReceived,NumberOfSinks,RoutingProtocol,TransmissionPower,WavePktsSent,WavePtksReceived,WavePktsPpr,ExpectedWavePktsReceived,ExpectedWavePktsInCoverageReceived,BSM_PDR1,BSM_PDR2,BSM_PDR3,BSM_PDR4,BSM_PDR5,BSM_PDR6,BSM_PDR7,BSM_PDR8,BSM_PDR9,BSM_PDR10,MacPhyOverhead
+0s,0,0,10,protocol,7,0,0,0,0,0,0,0,0,0,0,0,0,0,0,0,0
+1s,0,0,10,protocol,7,0,0,0,0,0,0,0,0,0,0,0,0,0,0,0,1
+2s,2.048,4,10,protocol,7,400,1160,2.9,286,286,1,0.979508,0.622318,0.386538,0.275142,0.213235,0.184772,0.184772,0.184772,0.184772,0.307013
+3s,2.048,4,10,protocol,7,400,1215,3.0375,358,358,1,0.974155,0.638801,0.398361,0.276765,0.223018,0.191188,0.191188,0.191188,0.191188,0.314665
+4s,2.048,4,10,protocol,7,400,1238,3.095,334,335,1,0.973577,0.65021,0.412117,0.277081,0.223789,0.193558,0.193558,0.193558,0.193558,0.319984
