SimulationSecond,ReceiveRate,PacketsReceived,NumberOfSinks,RoutingProtocol,TransmissionPower,WavePktsSent,WavePtksReceived,WavePktsPpr,ExpectedWavePktsReceived,ExpectedWavePktsInCoverageReceived,BSM_PDR1,BSM_PDR2,BSM_PDR3,BSM_PDR4,BSM_PDR5,BSM_PDR6,BSM_PDR7,BSM_PDR8,BSM_PDR9,BSM_PDR10,MacPhyOverhead
+0s,0,0,10,protocol,8,0,0,0,0,0,0,0,0,0,0,0,0,0,0,0,0
+1s,0,0,10,protocol,8,0,0,0,0,0,0,0,0,0,0,0,0,0,0,0,1
+2s,2.048,4,10,protocol,8,400,1323,3.3075,286,286,1,0.990779,0.709764,0.440853,0.313805,0.243199,0.210736,0.210736,0.210736,0.210736,0.311676
+3s,5.12,10,10,protocol,8,400,1399,3.4975,358,358,1,0.980119,0.735542,0.458689,0.318679,0.256791,0.220142,0.220142,0.220142,0.220142,0.333089
+4s,2.048,4,10,protocol,8,400,1411,3.5275,334,333,0.997006,0.980691,0.741071,0.469707,0.315801,0.255061,0.220607,0.220607,0.220607,0.220607,0.347167
