SimulationSecond,ReceiveRate,PacketsReceived,NumberOfSinks,RoutingProtocol,TransmissionPower,WavePktsSent,WavePtksReceived,WavePktsPpr,ExpectedWavePktsReceived,ExpectedWavePktsInCoverageReceived,BSM_PDR1,BSM_PDR2,BSM_PDR3,BSM_PDR4,BSM_PDR5,BSM_PDR6,BSM_PDR7,BSM_PDR8,BSM_PDR9,BSM_PDR10,MacPhyOverhead
+0s,0,0,10,protocol,9,0,0,0,0,0,0,0,0,0,0,0,0,0,0,0,0
+1s,0,0,10,protocol,9,0,0,0,0,0,0,0,0,0,0,0,0,0,0,0,1
+2s,2.048,4,10,protocol,9,400,1603,4.0075,286,286,1,0.987705,0.859979,0.534155,0.380218,0.294669,0.255336,0.255336,0.255336,0.255336,0.316276
+3s,6.144,12,10,protocol,9,400,1652,4.13,358,352,0.98324,0.973161,0.868559,0.541639,0.37631,0.303231,0.259953,0.259953,0.259953,0.259953,0.334976
+4s,4.608,9,10,protocol,9,400,1646,4.115,334,334,1,0.984756,0.864496,0.547936,0.368397,0.297542,0.257348,0.257348,0.257348,0.257348,0.346717
